timestamp,analysis
39.0,"Summary: The image appears to be a first-person view, likely from a body camera, showing an individual's arm extended with a handgun pointed at a police car marked ""STATE TROOPER."" The setting seems to be outdoors during daytime. The make and model of the car are not discernible, and there is no clear indication of the surrounding environment.

Individual 1: This person's identity is not visible, but from the perspective, it is likely an individual wielding a handgun, aiming at the driver's side window of the police vehicle. The person's left arm and hand are visible, with a watch on the wrist, indicating that the individual may be right-handed as they are holding the gun with their right hand. The attire is not visible, and no further descriptive details about the individual can be made from this image.

(Note: This description is based on the visible elements in the image and does not imply any real-world context or actions beyond what can be seen.)"
40.0,"Summary: The image appears to be taken from a body-worn camera of a law enforcement officer, showing one raised arm holding what seems to be a handgun, pointed diagonally across the frame. In the background, there is a police SUV with markings that read ""TROOPER"" along with a visible crest and the word ""MINNESOTA"" indicating the vehicle is associated with Minnesota law enforcement. There are also other vehicles, including a blue car, parked in the vicinity.

Individual 1: The person whose arm is visible in the image is likely a law enforcement officer, as inferred from the context of the image. The officer's raised arm is holding a handgun in a shooting stance, with the weapon aimed away from the camera, suggesting a situation that may involve a potential threat or active engagement. The officer's skin tone is light, and they are wearing a bracelet or wristband. No other parts of the individual's body or uniform are visible in the photo."
41.0,"Summary: The image appears to be taken from a body camera perspective, showing a hand reaching out towards a parked State Trooper vehicle. In the background, there are other cars and a somewhat cloudy sky, suggesting outdoor daylight conditions. 

Individual 1: This individual is not directly visible in the image as the perspective seems to be from their point of view; the focus is on their hand, which is holding an object with a strap, possibly a part of the body camera equipment.

Individual 2: There is no identifiable second individual present in the image. There's only the suggestion of a person through the partial reflection in the window of the State Trooper car, which is too obscured to make out any definitive details."
42.0,"Summary: The image shows what appears to be a moment captured from a body camera recording, with a focus on a ""STATE TROOPER"" vehicle in the foreground and another car with a person beside it in the background.

Individual 1: A hand wearing a black watch is visible in the upper left corner, presumably belonging to the person whose body camera is capturing the image.

Individual 2: In the background, a person is seen standing beside a black car. Due to the distance and angle, details such as facial features and specific actions of that person are unclear, but they appear to be standing upright next to the car's driver side door."
43.0,"Summary: The image appears to be captured from a body-worn camera, given the presence of a timestamp and camera ID in the upper right corner, suggesting law enforcement activity. The perspective is pointed towards a purple vehicle with another blue car and a police car with flashing lights visible in the background.

Individual 1: There is not enough detail to describe an individual in the frame, as the immediate foreground shows only an arm, likely belonging to the person wearing the body camera, reaching out towards the purple vehicle. The arm is wearing a black sleeve with a wristwatch, and no other part of the person is visible.

Individual 2: Due to the camera's perspective, there are no discernible features or actions of a second individual, as the view does not clearly show any people other than the partially visible arm of the first individual."
44.0,"Summary: The image is taken from the perspective of an individual wearing a body camera, likely a law enforcement officer, considering the markings on the vehicle. This viewpoint captures a close-up of a police car hood and windshield, with another car parked alongside it. The setting appears to be outdoors during the day.

Individual 1: No individual is visible in this image; however, the shadow of the person wearing the body camera suggests the presence of Individual 1. The shadow indicates that they are standing in front of and slightly to the right of the police car, with their right arm extended toward the camera, possibly indicating they have their hand near the body camera, either adjusting it or pointing to something.

Individual 2: There are no discernible individuals in the image aside from the shadow of the person wearing the body camera. No one is visible inside the police car as well."
45.0,"Summary: The image appears to be taken from a first-person perspective, showing an extended arm reaching out towards a vehicle that is marked as law enforcement. The vehicle, part of a patrol or police unit, is visible in the foreground with a partially visible timestamp and ""AXON BODY"" text indicating that the image may be from body-worn camera footage.

Individual 1: There is no discernible individual in the image, as it is taken from a first-person point of view. The arm extending into the frame is likely that of the camera wearer, most probably a law enforcement officer, given the context. The hand wears what appears to be a black wristwatch or wrist-worn device. The action or intention of the individual is not clear from the image provided."
