Timestamp,Summary
38.0,"Summary: The image appears to be taken from the perspective of a person inside a vehicle looking out through an open door, with a focus on an arm that is partially obstructing the view. In the background, a dusty rural scene is visible, with another vehicle driving on a dirt road amidst agricultural fields.

Individual 1: This individual's arm is prominent in the foreground, likely belonging to the person wearing the body camera from which this image is captured. The arm is raised, with the forearm and elbow pointing diagonally across the frame, partially blocking the view. The person's skin tone, part of a watch or wristband, and the edge of a red interior of a vehicle are discernible. The person appears to be seated inside a vehicle, looking out.

There are no clear images of other individuals that can be described."
39.0,"Summary: The image appears to capture a moment from a body camera where an individual's hand is reaching out, possibly during an interaction with law enforcement, indicated by the ""STATE TROOPER"" vehicle in the frame.

Individual 1: An individual's hand is visible in the foreground, extended towards a State Trooper vehicle, suggesting that the person may be either gesturing or reaching out to the vehicle. The hand is wearing a bracelet and the person appears to be standing close to the vehicle.

Individual 2: Not visible in the image."
40.0,"Summary: The image appears to be a first-person perspective from a body camera, showing an individual's arm extended with a closed fist, possibly indicating a gesture or the beginning of an action. There is a patrol vehicle in the foreground with ""TROOPER"" and ""MINNESOTA"" visible, indicating the scene is likely related to law enforcement in Minnesota.

Individual 1: There is no individual visible in the image except for the arm of the person wearing the body camera. The arm is adorned with a bracelet and is reaching out with a closed fist. No further details about this individual can be discerned from the image provided."
41.0,"Summary: The image appears to be taken from a body camera perspective, showing an arm extended towards a state trooper vehicle with the car door open. There is a focus on the action of the arm, which seems to be holding a device, possibly a key or a tool. There are other vehicles in the background, and the setting seems to be an outdoor area with overcast weather.

Individual 1: The main individual present is not fully visible; only part of their arm is shown. The person's arm is reaching towards the open door of the state trooper vehicle, and they appear to be holding something small in their hand, directed towards the car's interior. There are no discernible facial features or clothing details visible for this individual."
42.0,"Summary: The image shows a person's extended arm holding a device, presumably a camera, taking a photo of a scene involving a police vehicle and another car. The focus is on the police car, with the hood of the car and the word ""TROOPER"" visible on the side of the vehicle. In the background, another individual is seen standing beside a black car.

Individual 1: The individual's face is not visible, as the perspective is from their own point of view. The person's arm is extended towards the police vehicle, holding what appears to be a camera to capture the scene.

Individual 2: This person is standing next to a black car in the background. Their face has been obscured for privacy, and they appear to be looking in the direction of the camera or the person holding the camera. Their posture suggests they might be engaging with the situation or observing the person taking the photo."
43.0,"Summary: The image appears to show a scene captured by a body camera, as indicated by the ""AXON BODY"" watermark, featuring a person's hand placing an object on the hood of a car. There are two cars visible, one of which is marked as a sheriff's vehicle. The environment suggests an outdoor setting with overcast skies.

Individual 1: This individual is not fully visible; only their hand is shown. The hand is wearing a black glove and is holding a small, rectangular object, possibly an electronic device or a card, placing it on the hood of the sheriff's vehicle.

Individual 2: There is no clear view of a second individual, as only a reflection on the surface of the car's hood suggests the presence of someone, likely the wearer of the body camera. The reflection shows a silhouette that includes the body camera and possibly the head and shoulders of the individual wearing it."
44.0,"Summary: The image appears to be taken from a body-worn camera perspective, showing an individual's hand reaching towards the windshield wiper of a police vehicle. There are other vehicles in the background, including a blue car and a dark-colored SUV. The scene suggests law enforcement activity, possibly during a traffic stop or roadside check.

Individual 1: Not visible in the image, but the person wearing the body camera is likely a law enforcement officer, as indicated by the reflection of the word ""POLICE"" on the hood of the car, and the partial view of the officer's hand and arm reaching toward the vehicle's windshield wiper."
45.0,"Summary: The image appears to be taken from a body camera perspective, showing the view of an individual's left hand reaching towards the door handle of a purple vehicle with the word ""TROOPER"" on the side, indicating it's likely a law enforcement vehicle. There are other vehicles in the background, including a black SUV.

Individual 1: There is no visible person in the image to describe aside from the partial view of the left arm and hand of the individual wearing the body camera. The hand is reaching towards the door handle of the vehicle, suggesting the individual is about to open the car door."
